{
  "cca": "bbr",
  "buffer_bytes": 10000,
  "rtt_ms": 100,
  "timestamp": "2026-04-16T01:52:55.596959+00:00",
  "mice_fcts_s": [
    30.0069197899993,
    21.023298934000195,
    1.2489032499997847,
    30.009224768999047,
    24.91169114100012,
    17.658417049999116,
    3.1276351449996582,
    3.8279757639993477,
    3.141056385999036,
    4.12208140400071
  ],
  "elephant_goodput_mbps": 2.324274183927034,
  "elephant_retransmissions": 2340,
  "queue_stats_midpoint": {
    "bytes_sent": 151684,
    "pkts_sent": 2020,
    "dropped": 0,
    "overlimits": 0,
    "backlog_bytes": 0,
    "backlog_pkts": 0
  },
  "jains_fairness": 0.5096858674286993
}