{
  "cca": "bbr",
  "buffer_bytes": 10000,
  "rtt_ms": 40,
  "timestamp": "2026-04-16T01:08:40.159624+00:00",
  "mice_fcts_s": [
    4.682089635000011,
    3.8272285950006335,
    4.748508961998596,
    164.8478299950002,
    1.5142580700012331,
    1.5216806619991985,
    1.918735168999774,
    1.8980372959995293,
    1.906816078000702,
    1.923194904000411
  ],
  "elephant_goodput_mbps": 5.748957160332172,
  "elephant_retransmissions": 5670,
  "queue_stats_midpoint": {
    "bytes_sent": 248007,
    "pkts_sent": 3240,
    "dropped": 0,
    "overlimits": 0,
    "backlog_bytes": 0,
    "backlog_pkts": 0
  },
  "jains_fairness": 0.8008868814688114
}