{
  "cca": "bbr",
  "buffer_bytes": 10000,
  "rtt_ms": 10,
  "timestamp": "2026-04-16T01:05:51.713374+00:00",
  "mice_fcts_s": [
    9.692313318999368,
    0.0340537129995937,
    0.033522092999191955,
    0.03342210300070292,
    145.9239334089998,
    1.115050713000528,
    1.1174818309991679,
    1.117048148998947,
    1.1154398189992207,
    1.1141421159991296
  ],
  "elephant_goodput_mbps": 84.5337248887085,
  "elephant_retransmissions": 100972,
  "queue_stats_midpoint": {
    "bytes_sent": 114219,
    "pkts_sent": 1451,
    "dropped": 0,
    "overlimits": 0,
    "backlog_bytes": 0,
    "backlog_pkts": 0
  },
  "jains_fairness": 0.3577360486537069
}